{"cameraMode":{"drawMode":0,"name":"Shaded","section":"Shading Mode"},"sceneLighting":true,"audioPlay":false,"sceneViewState":{"showFog":true,"showMaterialUpdate":false,"showSkybox":true,"showFlares":true,"showImageEffects":true,"showParticleSystems":true},"in2DMode":false,"pivot":{"x":5.427886962890625,"y":9.521484375,"z":0.19921875},"rotation":{"x":0.4303922951221466,"y":0.006771299056708813,"z":-0.003229358233511448,"w":0.9027063250541687},"size":16.579601287841798,"orthographic":true}