{"cameraMode":{"drawMode":0,"name":"Shaded","section":"Shading Mode"},"sceneLighting":false,"audioPlay":false,"sceneViewState":{"showFog":true,"showMaterialUpdate":false,"showSkybox":false,"showFlares":true,"showImageEffects":true,"showParticleSystems":true},"in2DMode":false,"pivot":{"x":-1.6834392547607422,"y":0.7040257453918457,"z":-3.0902719497680666},"rotation":{"x":0.3299538195133209,"y":0.018389767035841943,"z":-0.006474105641245842,"w":0.9438350200653076},"size":3.912283182144165,"orthographic":false}