{"cameraMode":{"drawMode":0,"name":"Shaded","section":"Shading Mode"},"sceneLighting":true,"audioPlay":false,"sceneViewState":{"showFog":true,"showMaterialUpdate":false,"showSkybox":false,"showFlares":true,"showImageEffects":true,"showParticleSystems":true},"in2DMode":false,"pivot":{"x":8.952677726745606,"y":5.639854907989502,"z":-27.2861270904541},"rotation":{"x":-0.041838862001895908,"y":0.9442337155342102,"z":-0.2986263632774353,"w":-0.13229142129421235},"size":3.8662991523742677,"orthographic":false}